{
	"Acton Vale":  { "lat": 45.633331, "lon": -72.550003 },
	"Adstock":  { "lat": 46.033333, "lon": -71.066666 },
	"Akulivik":  { "lat": 60.799999, "lon": -78.199997 },
	"Alma":  { "lat": 48.549999, "lon": -71.650002 },
	"Amos":  { "lat": 48.549999, "lon": -78.099998 },
	"Amqui":  { "lat": 48.450001, "lon": -67.416664 },
	"Ange–Gardien":  { "lat": 45.349998, "lon": -72.933334 },
	"Anjou":  { "lat": 45.599998, "lon": -73.566666 },
	"Arundel":  { "lat": 45.950001, "lon": -74.599998 },
	"Asbestos":  { "lat": 45.766666, "lon": -71.933334 },
	"Aupaluk":  { "lat": 59.299999, "lon": -69.583336 },
	"Austin":  { "lat": 45.183334, "lon": -72.26667 },
	"Ayer’s Cliff":  { "lat": 45.166668, "lon": -72.033333 },
	"Aylmer":  { "lat": 45.383331, "lon": -75.833336 },
	"Bagotville":  { "lat": 48.333332, "lon": -70.883331 },
	"Baie–Comeau":  { "lat": 49.216667, "lon": -68.150002 },
	"Baie–D’Urfé":  { "lat": 45.400002, "lon": -73.916664 },
	"Baie–Johan–Beetz":  { "lat": 50.283333, "lon": -62.799999 },
	"Baie–Saint–Paul":  { "lat": 47.433334, "lon": -70.5 },
	"Batiscan":  { "lat": 46.483334, "lon": -72.25 },
	"Beaconsfield":  { "lat": 45.416668, "lon": -73.849998 },
	"Beauceville":  { "lat": 46.200001, "lon": -70.76667 },
	"Beauharnois":  { "lat": 45.299999, "lon": -73.866669 },
	"Beauport":  { "lat": 46.849998, "lon": -71.166664 },
	"Bedford":  { "lat": 45.116669, "lon": -72.98333 },
	"Beloeil":  { "lat": 45.549999, "lon": -73.199997 },
	"Berthierville":  { "lat": 46.066666, "lon": -73.183334 },
	"Berthier–sur–Mer":  { "lat": 46.916668, "lon": -70.716667 },
	"Blainville":  { "lat": 45.666668, "lon": -73.866669 },
	"Blanc–Sablon":  { "lat": 51.416668, "lon": -57.116669 },
	"Boisbriand":  { "lat": 45.599998, "lon": -73.833336 },
	"Bois–des–Filion":  { "lat": 45.650002, "lon": -73.75 },
	"Bonaventure":  { "lat": 48.049999, "lon": -65.449997 },
	"Boucherville":  { "lat": 45.599998, "lon": -73.449997 },
	"Bristol":  { "lat": 45.516666, "lon": -76.449997 },
	"Brome Lake":  { "lat": 45.216667, "lon": -72.5 },
	"Bromont":  { "lat": 45.316666, "lon": -72.633331 },
	"Bromptonville":  { "lat": 45.466667, "lon": -71.949997 },
	"Brossard":  { "lat": 45.450001, "lon": -73.466667 },
	"Brownsburg–Chatham":  { "lat": 45.666668, "lon": -74.400002 },
	"Buckingham":  { "lat": 45.583332, "lon": -75.416664 },
	"Bécancour":  { "lat": 46.349998, "lon": -72.433334 },
	"Cabano":  { "lat": 47.666668, "lon": -68.866669 },
	"Cacouna":  { "lat": 47.900002, "lon": -69.5 },
	"Candiac":  { "lat": 45.383331, "lon": -73.51667 },
	"Cap–Saint–Ignace":  { "lat": 37.683334, "lon": -4.466667 },
	"Cap–aux–Meules":  { "lat": 47.366669, "lon": -61.866669 },
	"Cap–de–la–Madeleine":  { "lat": 46.349998, "lon": -72.5 },
	"Carignan":  { "lat": 45.450001, "lon": -73.316666 },
	"Carleton–sur–Mer":  { "lat": 48.099998, "lon": -66.116669 },
	"Cartierville":  { "lat": 45.516666, "lon": -73.699997 },
	"Chambly":  { "lat": 45.450001, "lon": -73.283333 },
	"Chambord":  { "lat": 48.416668, "lon": -72.050003 },
	"Chandler":  { "lat": 48.333332, "lon": -64.666664 },
	"Charlesbourg":  { "lat": 46.866669, "lon": -71.26667 },
	"Charlevoix Crater":  { "lat": 47.533333, "lon": -70.300003 },
	"Charny":  { "lat": 46.700001, "lon": -71.25 },
	"Chartierville":  { "lat": 45.283333, "lon": -71.199997 },
	"Chelsea":  { "lat": 45.516666, "lon": -75.800003 },
	"Chertsey":  { "lat": 46.150002, "lon": -73.916664 },
	"Chesterville":  { "lat": 45.950001, "lon": -71.816666 },
	"Chevery":  { "lat": 50.466667, "lon": -59.599998 },
	"Chibougamau":  { "lat": 49.900002, "lon": -74.366669 },
	"Chicoutimi":  { "lat": 48.416668, "lon": -71.050003 },
	"Chisasibi":  { "lat": 53.783333, "lon": -78.883331 },
	"Châteauguay":  { "lat": 45.349998, "lon": -73.75 },
	"Clarke City":  { "lat": 50.183334, "lon": -66.616669 },
	"Coaticook":  { "lat": 45.133331, "lon": -71.800003 },
	"Compton":  { "lat": 45.233334, "lon": -71.816666 },
	"Contrecœur":  { "lat": 45.849998, "lon": -73.23333 },
	"Cookshire–Eaton":  { "lat": 45.400002, "lon": -71.616669 },
	"Coteau–du–Lac":  { "lat": 45.299999, "lon": -74.166664 },
	"Cowansville":  { "lat": 45.200001, "lon": -72.73333 },
	"Crabtree":  { "lat": 45.950001, "lon": -73.466667 },
	"Côte Saint–Luc":  { "lat": 45.450001, "lon": -73.666664 },
	"Danville":  { "lat": 45.783333, "lon": -72.0 },
	"Daveluyville":  { "lat": 46.200001, "lon": -72.133331 },
	"Delson":  { "lat": 45.366669, "lon": -73.533333 },
	"Deschambault–Grondines":  { "lat": 46.650002, "lon": -71.916664 },
	"Dolbeau–Mistassini":  { "lat": 48.866669, "lon": -72.216667 },
	"Dollard–des–Ormeaux":  { "lat": 45.483334, "lon": -73.816666 },
	"Donnacona":  { "lat": 46.666668, "lon": -71.75 },
	"Dorval":  { "lat": 45.433334, "lon": -73.75 },
	"Drummondville":  { "lat": 45.866669, "lon": -72.48333 },
	"Duhamel–Ouest":  { "lat": 47.366669, "lon": -79.433334 },
	"East Angus":  { "lat": 45.466667, "lon": -71.650002 },
	"Eastmain":  { "lat": 52.233334, "lon": -78.5 },
	"Fabreville":  { "lat": 45.566666, "lon": -73.833336 },
	"Farnham":  { "lat": 45.283333, "lon": -72.966667 },
	"Ferme–Neuve":  { "lat": 46.700001, "lon": -75.449997 },
	"Fermont":  { "lat": 52.783333, "lon": -67.083336 },
	"Forestville":  { "lat": 48.733334, "lon": -69.083336 },
	"Fort–Coulonge":  { "lat": 45.833332, "lon": -76.716667 },
	"Frelighsburg":  { "lat": 45.049999, "lon": -72.833336 },
	"Gagnon":  { "lat": 51.866669, "lon": -68.099998 },
	"Gaspé":  { "lat": 48.816666, "lon": -64.48333 },
	"Gatineau":  { "lat": 45.416668, "lon": -75.699997 },
	"Godbout":  { "lat": 49.316666, "lon": -67.583336 },
	"Granby":  { "lat": 45.383331, "lon": -72.716667 },
	"Grande–Rivière":  { "lat": 48.383331, "lon": -64.48333 },
	"Grand–Mère":  { "lat": 46.599998, "lon": -72.683334 },
	"Greenfield Park":  { "lat": 45.483334, "lon": -73.449997 },
	"Grenville":  { "lat": 45.616669, "lon": -74.599998 },
	"Gros–Mécatina":  { "lat": 50.833332, "lon": -58.966667 },
	"Harrington Harbour":  { "lat": 50.483334, "lon": -59.483334 },
	"Havre–Saint–Pierre":  { "lat": 50.233334, "lon": -63.583332 },
	"Hemmingford":  { "lat": 45.033333, "lon": -73.583336 },
	"Hudson":  { "lat": 45.450001, "lon": -74.133331 },
	"Hull":  { "lat": 45.416668, "lon": -75.699997 },
	"Huntingdon":  { "lat": 45.083332, "lon": -74.166664 },
	"Hébertville":  { "lat": 48.383331, "lon": -71.666664 },
	"Iberville":  { "lat": 45.299999, "lon": -73.23333 },
	"Inukjuak":  { "lat": 58.450001, "lon": -78.099998 },
	"Ivujivik":  { "lat": 62.416668, "lon": -77.900002 },
	"Joliette":  { "lat": 46.016666, "lon": -73.433334 },
	"Jonquière":  { "lat": 48.416668, "lon": -71.23333 },
	"Kahnawake":  { "lat": 45.400002, "lon": -73.666664 },
	"Kangiqsualujjuaq":  { "lat": 58.683334, "lon": -65.949997 },
	"Kangiqsujuaq":  { "lat": 61.599998, "lon": -71.966667 },
	"Kangirsuk":  { "lat": 60.016666, "lon": -70.01667 },
	"Kegaska":  { "lat": 50.183334, "lon": -61.266666 },
	"Kingsey Falls":  { "lat": 45.849998, "lon": -72.066666 },
	"Kinnear’s Mills":  { "lat": 46.216667, "lon": -71.366669 },
	"Kirkland":  { "lat": 45.450001, "lon": -73.849998 },
	"Kuujjuaq":  { "lat": 58.099998, "lon": -68.383331 },
	"La Baie":  { "lat": 48.333332, "lon": -70.866669 },
	"La Guadeloupe":  { "lat": 45.950001, "lon": -70.933334 },
	"La Malbaie":  { "lat": 47.650002, "lon": -70.150002 },
	"La Patrie":  { "lat": 45.400002, "lon": -71.25 },
	"La Pocatière":  { "lat": 47.349998, "lon": -70.033333 },
	"La Prairie":  { "lat": 45.416668, "lon": -73.48333 },
	"La Présentation":  { "lat": 45.650002, "lon": -73.050003 },
	"La Romaine":  { "lat": 50.200001, "lon": -60.666668 },
	"La Sarre":  { "lat": 48.799999, "lon": -79.199997 },
	"La Tuque":  { "lat": 47.433334, "lon": -72.783333 },
	"LaSalle":  { "lat": 45.416668, "lon": -73.650002 },
	"Lachenaie":  { "lat": 45.700001, "lon": -73.633331 },
	"Lachine":  { "lat": 45.416668, "lon": -73.666664 },
	"Lachute":  { "lat": 45.650002, "lon": -74.333336 },
	"Lacolle":  { "lat": 45.066666, "lon": -73.366669 },
	"Lac–Beauport":  { "lat": 46.933334, "lon": -71.283333 },
	"Lake Mégantic":  { "lat": 45.5, "lon": -70.866669 },
	"Lanoraie":  { "lat": 45.950001, "lon": -73.216667 },
	"Laurier–Station":  { "lat": 46.533333, "lon": -71.616669 },
	"Lauzon":  { "lat": 46.833332, "lon": -71.166664 },
	"Laval":  { "lat": 45.599998, "lon": -73.699997 },
	"Lavaltrie":  { "lat": 45.866669, "lon": -73.283333 },
	"Laverlochère":  { "lat": 47.416668, "lon": -79.300003 },
	"Le Gardeur":  { "lat": 45.733334, "lon": -73.466667 },
	"Lebel–sur–Quévillon":  { "lat": 49.049999, "lon": -76.966667 },
	"Lennoxville":  { "lat": 45.366669, "lon": -71.849998 },
	"Les Cèdres":  { "lat": 45.299999, "lon": -74.050003 },
	"Les Méchins":  { "lat": 49, "lon": -66.966667 },
	"Les Îles–de–la–Madeleine":  { "lat": 47.383331, "lon": -61.866669 },
	"Longueuil":  { "lat": 45.5, "lon": -73.416664 },
	"Longue–Pointe–de–Mingan":  { "lat": 50.25, "lon": -64.150002 },
	"Lotbinière":  { "lat": 46.599998, "lon": -71.916664 },
	"Louiseville":  { "lat": 46.25, "lon": -72.933334 },
	"Léry":  { "lat": 45.333332, "lon": -73.800003 },
	"Lévis":  { "lat": 46.783333, "lon": -71.183334 },
	"L’Ancienne–Lorette":  { "lat": 46.783333, "lon": -71.349998 },
	"L’Ange–Gardien":  { "lat": 46.900002, "lon": -71.083336 },
	"L’Assomption":  { "lat": 45.799999, "lon": -73.416664 },
	"L’Islet":  { "lat": 47.099998, "lon": -70.349998 },
	"L’Isle–aux–Coudres":  { "lat": 47.400002, "lon": -70.366669 },
	"L’Île–Perrot":  { "lat": 45.383331, "lon": -73.949997 },
	"Macamic":  { "lat": 48.75, "lon": -79 },
	"Magog":  { "lat": 45.25, "lon": -72.133331 },
	"Malartic":  { "lat": 48.133331, "lon": -78.116669 },
	"Maniwaki":  { "lat": 46.366669, "lon": -75.966667 },
	"Manseau":  { "lat": 46.366669, "lon": -72.0 },
	"Mansfield–et–Pontefract":  { "lat": 45.849998, "lon": -76.73333 },
	"Marieville":  { "lat": 45.416668, "lon": -73.150002 },
	"Mascouche":  { "lat": 45.733334, "lon": -73.599998 },
	"Maskinongé":  { "lat": 46.216667, "lon": -73.0 },
	"Masson–Angers":  { "lat": 45.533333, "lon": -75.400002 },
	"Massueville":  { "lat": 45.900002, "lon": -72.916664 },
	"Matagami":  { "lat": 49.75, "lon": -77.616669 },
	"Matane":  { "lat": 48.833332, "lon": -67.51667 },
	"McMasterville":  { "lat": 45.549999, "lon": -73.216667 },
	"Mercier":  { "lat": 45.299999, "lon": -73.73333 },
	"Mingan":  { "lat": 50.283333, "lon": -64.01667 },
	"Mirabel":  { "lat": 45.650002, "lon": -74 },
	"Montebello":  { "lat": 45.650002, "lon": -74.933334 },
	"Montmagny":  { "lat": 46.966667, "lon": -70.550003 },
	"Montreal":  { "lat": 45.5, "lon": -73.550003 },
	"Montréal–Est":  { "lat": 45.616669, "lon": -73.5 },
	"Montréal–Nord":  { "lat": 45.583332, "lon": -73.616669 },
	"Mont–Joli":  { "lat": 48.583332, "lon": -68.183334 },
	"Mont–Laurier":  { "lat": 46.549999, "lon": -75.48333 },
	"Mont–Saint–Grégoire":  { "lat": 45.333332, "lon": -73.150002 },
	"Mont–Saint–Hilaire":  { "lat": 45.549999, "lon": -73.183334 },
	"Mont–Tremblant":  { "lat": 46.200001, "lon": -74.583336 },
	"Morin–Heights":  { "lat": 45.900002, "lon": -74.25 },
	"Mount Royal":  { "lat": 45.5, "lon": -73.633331 },
	"Murdochville":  { "lat": 48.950001, "lon": -65.48333 },
	"Métabetchouan–Lac–à–la–Croix":  { "lat": 48.416668, "lon": -71.866669 },
	"Métis–sur–Mer":  { "lat": 48.650002, "lon": -68 },
	"Napierville":  { "lat": 45.183334, "lon": -73.400002 },
	"Natashquan":  { "lat": 50.183334, "lon": -61.816666 },
	"Nemiscau":  { "lat": 51.316666, "lon": -76.916664 },
	"Neuville":  { "lat": 46.683334, "lon": -71.583336 },
	"New Richmond":  { "lat": 48.150002, "lon": -65.849998 },
	"Nicolet":  { "lat": 46.216667, "lon": -72.599998 },
	"Nitchequon":  { "lat": 53.183334, "lon": -70.866669 },
	"Normandin":  { "lat": 48.833332, "lon": -72.51667 },
	"Notre–Dame–de–la–Paix":  { "lat": 45.799999, "lon": -74.966667 },
	"Notre–Dame–du–Bon–Conseil":  { "lat": 46, "lon": -72.333336 },
	"Notre–Dame–du–Mont–Carmel":  { "lat": 46.483334, "lon": -72.650002 },
	"Nuns’ Island":  { "lat": 45.450001, "lon": -73.533333 },
	"Old Fort":  { "lat": 51.416668, "lon": -57.816666 },
	"Ormstown":  { "lat": 45.116669, "lon": -73.98333 },
	"Outremont":  { "lat": 45.5, "lon": -73.599998 },
	"Pakuashipi":  { "lat": 51.216667, "lon": -58.666668 },
	"Parent":  { "lat": 47.916668, "lon": -74.616669 },
	"Paspébiac":  { "lat": 48.016666, "lon": -65.25 },
	"Pierreville":  { "lat": 46.066666, "lon": -72.800003 },
	"Pintendre":  { "lat": 46.766666, "lon": -71.116669 },
	"Plessisville":  { "lat": 46.216667, "lon": -71.76667 },
	"Pohénégamook":  { "lat": 47.450001, "lon": -69.216667 },
	"Pointe–Claire":  { "lat": 45.433334, "lon": -73.800003 },
	"Pointe–Fortune":  { "lat": 45.549999, "lon": -74.366669 },
	"Pointe–Noire":  { "lat": 50.150002, "lon": -66.48333 },
	"Pointe–aux–Outardes":  { "lat": 49.066666, "lon": -68.400002 },
	"Pointe–aux–Trembles":  { "lat": 45.633331, "lon": -73.5 },
	"Pontiac":  { "lat": 45.533333, "lon": -76.099998 },
	"Pont–Rouge":  { "lat": 46.75, "lon": -71.683334 },
	"Portage–du–Fort":  { "lat": 45.583332, "lon": -76.650002 },
	"Portneuf":  { "lat": 46.683334, "lon": -71.883331 },
	"Port–Cartier":  { "lat": 50.016666, "lon": -66.866669 },
	"Port–Menier":  { "lat": 49.816666, "lon": -64.349998 },
	"Potton":  { "lat": 45.033333, "lon": -72.383331 },
	"Princeville":  { "lat": 46.150002, "lon": -71.866669 },
	"Puvirnituq":  { "lat": 60.033333, "lon": -77.283333 },
	"Péribonka":  { "lat": 48.75, "lon": -72.050003 },
	"Quaqtaq":  { "lat": 61.033333, "lon": -69.616669 },
	"Quebec City":  { "lat": 46.799999, "lon": -71.23333 },
	"Radisson":  { "lat": 53.783333, "lon": -77.616669 },
	"Rawdon":  { "lat": 46.033333, "lon": -73.699997 },
	"Repentigny":  { "lat": 45.75, "lon": -73.433334 },
	"Richelieu":  { "lat": 45.433334, "lon": -73.25 },
	"Richmond":  { "lat": 45.650002, "lon": -72.133331 },
	"Rigaud":  { "lat": 45.466667, "lon": -74.283333 },
	"Rimouski":  { "lat": 48.416668, "lon": -68.51667 },
	"Ripon":  { "lat": 45.783333, "lon": -75.083336 },
	"Rivière–Beaudette":  { "lat": 45.200001, "lon": -74.316666 },
	"Rivière–Rouge":  { "lat": 46.400002, "lon": -74.866669 },
	"Rivière–au–Renard":  { "lat": 48.983334, "lon": -64.383331 },
	"Rivière–au–Tonnerre":  { "lat": 50.266666, "lon": -64.76667 },
	"Rivière–du–Loup":  { "lat": 47.833332, "lon": -69.533333 },
	"Roberval":  { "lat": 48.516666, "lon": -72.216667 },
	"Rock Forest–Saint–Élie–Deauville":  { "lat": 45.366669, "lon": -71.98333 },
	"Rosemère":  { "lat": 45.616669, "lon": -73.816666 },
	"Rougemont":  { "lat": 45.433334, "lon": -73.066666 },
	"Rouyn–Noranda":  { "lat": 48.233334, "lon": -79.01667 },
	"Roxboro":  { "lat": 45.5, "lon": -73.800003 },
	"Roxton Falls":  { "lat": 45.566666, "lon": -72.5 },
	"Saguenay":  { "lat": 48.416668, "lon": -71.066666 },
	"Sainte–Adèle":  { "lat": 45.950001, "lon": -74.133331 },
	"Sainte–Agathe–des–Monts":  { "lat": 46.033333, "lon": -74.26667 },
	"Sainte–Angèle–de–Mérici":  { "lat": 48.516666, "lon": -68.066666 },
	"Sainte–Anne–des–Monts":  { "lat": 49.116669, "lon": -66.48333 },
	"Sainte–Anne–des–Plaines":  { "lat": 45.75, "lon": -73.800003 },
	"Sainte–Anne–de–Bellevue":  { "lat": 45.400002, "lon": -73.949997 },
	"Sainte–Anne–de–la–Pérade":  { "lat": 46.566666, "lon": -72.199997 },
	"Sainte–Anne–de–la–Rochelle":  { "lat": 45.400002, "lon": -72.400002 },
	"Sainte–Brigitte–des–Saults":  { "lat": 46.016666, "lon": -72.466667 },
	"Sainte–Béatrix":  { "lat": 46.183334, "lon": -73.616669 },
	"Sainte–Catherine":  { "lat": 45.400002, "lon": -73.566666 },
	"Sainte–Claire":  { "lat": 46.599998, "lon": -70.849998 },
	"Sainte–Clotilde":  { "lat": 45.150002, "lon": -73.666664 },
	"Sainte–Clotilde–de–Beauce":  { "lat": 46.116669, "lon": -71.01667 },
	"Sainte–Croix":  { "lat": 46.616669, "lon": -71.73333 },
	"Sainte–Cécile–de–Milton":  { "lat": 45.466667, "lon": -72.75 },
	"Sainte–Eulalie":  { "lat": 46.099998, "lon": -72.25 },
	"Sainte–Famille":  { "lat": 46.966667, "lon": -70.949997 },
	"Sainte–Foy":  { "lat": 46.766666, "lon": -71.283333 },
	"Sainte–Julie":  { "lat": 45.583332, "lon": -73.316666 },
	"Sainte–Julienne":  { "lat": 45.950001, "lon": -73.699997 },
	"Sainte–Justine–de–Newton":  { "lat": 45.366669, "lon": -74.400002 },
	"Sainte–Madeleine":  { "lat": 45.583332, "lon": -73.083336 },
	"Sainte–Marguerite":  { "lat": 46.5, "lon": -70.933334 },
	"Sainte–Marie":  { "lat": 46.433334, "lon": -71.01667 },
	"Sainte–Marthe–sur–le–Lac":  { "lat": 45.516666, "lon": -73.933334 },
	"Sainte–Martine":  { "lat": 45.233334, "lon": -73.783333 },
	"Sainte–Perpétue":  { "lat": 47.049999, "lon": -69.916664 },
	"Sainte–Rosalie":  { "lat": 45.633331, "lon": -72.900002 },
	"Sainte–Rose":  { "lat": 45.599998, "lon": -73.783333 },
	"Sainte–Sabine":  { "lat": 46.483334, "lon": -70.349998 },
	"Sainte–Thérèse":  { "lat": 45.633331, "lon": -73.833336 },
	"Sainte–Victoire–de–Sorel":  { "lat": 45.933334, "lon": -73.083336 },
	"Sainte–Élisabeth":  { "lat": 46.083332, "lon": -73.349998 },
	"Sainte–Émélie–de–l’Énergie":  { "lat": 46.316666, "lon": -73.633331 },
	"Saints–Anges":  { "lat": 46.416668, "lon": -70.866669 },
	"Saint–Agapit":  { "lat": 46.549999, "lon": -71.433334 },
	"Saint–Aimé":  { "lat": 45.900002, "lon": -72.933334 },
	"Saint–Aimé–du–Lac–des–Îles":  { "lat": 46.383331, "lon": -75.51667 },
	"Saint–Alexis":  { "lat": 45.933334, "lon": -73.599998 },
	"Saint–Alphonse–de–Granby":  { "lat": 45.316666, "lon": -72.783333 },
	"Saint–Ambroise":  { "lat": 48.549999, "lon": -71.316666 },
	"Saint–André–Avellin":  { "lat": 45.716667, "lon": -75.050003 },
	"Saint–André–d’Argenteuil":  { "lat": 45.583332, "lon": -74.300003 },
	"Saint–Anicet":  { "lat": 45.133331, "lon": -74.349998 },
	"Saint–Antoine–de–Tilly":  { "lat": 46.650002, "lon": -71.566666 },
	"Saint–Apollinaire":  { "lat": 46.599998, "lon": -71.5 },
	"Saint–Armand":  { "lat": 45.016666, "lon": -73.033333 },
	"Saint–Augustin–de–Desmaures":  { "lat": 46.733334, "lon": -71.449997 },
	"Saint–Barthélemy":  { "lat": 46.183334, "lon": -73.116669 },
	"Saint–Basile":  { "lat": 46.75, "lon": -71.816666 },
	"Saint–Benoît–Labre":  { "lat": 46.066666, "lon": -70.783333 },
	"Saint–Bernard":  { "lat": 46.483334, "lon": -71.133331 },
	"Saint–Bernard–de–Michaudville":  { "lat": 45.816666, "lon": -73.050003 },
	"Saint–Bruno":  { "lat": 48.466667, "lon": -71.650002 },
	"Saint–Bruno–de–Guigues":  { "lat": 47.450001, "lon": -79.433334 },
	"Saint–Bruno–de–Montarville":  { "lat": 45.516666, "lon": -73.333336 },
	"Saint–Camille–de–Lellis":  { "lat": 46.450001, "lon": -70.183334 },
	"Saint–Charles–Borromée":  { "lat": 46.033333, "lon": -73.449997 },
	"Saint–Charles–de–Bellechasse":  { "lat": 46.766666, "lon": -70.933334 },
	"Saint–Charles–sur–Richelieu":  { "lat": 45.683334, "lon": -73.183334 },
	"Saint–Christophe–d’Arthabaska":  { "lat": 46.033333, "lon": -71.883331 },
	"Saint–Chrysostome":  { "lat": 45.099998, "lon": -73.75 },
	"Saint–Clet":  { "lat": 45.349998, "lon": -74.216667 },
	"Saint–Constant":  { "lat": 45.366669, "lon": -73.566666 },
	"Saint–Cuthbert":  { "lat": 46.133331, "lon": -73.216667 },
	"Saint–Cyrille–de–Wendover":  { "lat": 45.916668, "lon": -72.416664 },
	"Saint–Célestin":  { "lat": 46.200001, "lon": -72.416664 },
	"Saint–Césaire":  { "lat": 45.400002, "lon": -73 },
	"Saint–Côme":  { "lat": 46.266666, "lon": -73.76667 },
	"Saint–Côme–Linière":  { "lat": 46.049999, "lon": -70.51667 },
	"Saint–Damase":  { "lat": 45.516666, "lon": -73 },
	"Saint–Damien":  { "lat": 46.316666, "lon": -73.466667 },
	"Saint–Damien–de–Buckland":  { "lat": 46.616669, "lon": -70.650002 },
	"Saint–Denis–de–Brompton":  { "lat": 45.450001, "lon": -72.066666 },
	"Saint–Denis–sur–Richelieu":  { "lat": 45.783333, "lon": -73.150002 },
	"Saint–Dominique":  { "lat": 45.549999, "lon": -72.849998 },
	"Saint–Elzéar":  { "lat": 46.400002, "lon": -71.050003 },
	"Saint–Esprit":  { "lat": 45.900002, "lon": -73.650002 },
	"Saint–Eustache":  { "lat": 45.549999, "lon": -73.883331 },
	"Saint–Faustin–Lac–Carré":  { "lat": 46.099998, "lon": -74.466667 },
	"Saint–François–Xavier–de–Brompton":  { "lat": 45.533333, "lon": -72.033333 },
	"Saint–François–de–la–Rivière–du–Sud":  { "lat": 46.883331, "lon": -70.699997 },
	"Saint–François–du–Lac":  { "lat": 46.049999, "lon": -72.816666 },
	"Saint–Frédéric":  { "lat": 46.283333, "lon": -70.966667 },
	"Saint–Félicien":  { "lat": 48.650002, "lon": -72.449997 },
	"Saint–Félix–de–Valois":  { "lat": 46.166668, "lon": -73.416664 },
	"Saint–Gabriel":  { "lat": 46.283333, "lon": -73.366669 },
	"Saint–Gabriel–de–Valcartier":  { "lat": 46.933334, "lon": -71.466667 },
	"Saint–Georges":  { "lat": 46.099998, "lon": -70.666664 },
	"Saint–Georges–de–Clarenceville":  { "lat": 45.049999, "lon": -73.199997 },
	"Saint–Germain":  { "lat": 47.583332, "lon": -69.783333 },
	"Saint–Germain–de–Grantham":  { "lat": 45.833332, "lon": -72.550003 },
	"Saint–Guillaume":  { "lat": 45.866669, "lon": -72.75 },
	"Saint–Henri":  { "lat": 46.683334, "lon": -71.066666 },
	"Saint–Hippolyte":  { "lat": 45.916668, "lon": -74.01667 },
	"Saint–Honoré":  { "lat": 48.533333, "lon": -71.083336 },
	"Saint–Honoré–de–Shenley":  { "lat": 45.950001, "lon": -70.816666 },
	"Saint–Hubert":  { "lat": 45.483334, "lon": -73.400002 },
	"Saint–Hyacinthe":  { "lat": 45.616669, "lon": -72.933334 },
	"Saint–Jacques":  { "lat": 45.933334, "lon": -73.566666 },
	"Saint–Jacques–le–Mineur":  { "lat": 45.266666, "lon": -73.416664 },
	"Saint–Janvier–de–Joly":  { "lat": 46.483334, "lon": -71.666664 },
	"Saint–Jean–Chrysostome":  { "lat": 46.716667, "lon": -71.183334 },
	"Saint–Jean–sur–Richelieu":  { "lat": 45.299999, "lon": -73.25 },
	"Saint–Joachim–de–Shefford":  { "lat": 45.450001, "lon": -72.51667 },
	"Saint–Joseph–de–Beauce":  { "lat": 46.299999, "lon": -70.866669 },
	"Saint–Joseph–de–Coleraine":  { "lat": 45.950001, "lon": -71.366669 },
	"Saint–Joseph–de–Sorel":  { "lat": 46.033333, "lon": -73.116669 },
	"Saint–Joseph–du–Lac":  { "lat": 45.533333, "lon": -74.0 },
	"Saint–Jules":  { "lat": 46.216667, "lon": -70.933334 },
	"Saint–Justin":  { "lat": 46.25, "lon": -73.083336 },
	"Saint–Jérôme":  { "lat": 45.783333, "lon": -74.01667 },
	"Saint–Lambert":  { "lat": 45.5, "lon": -73.5 },
	"Saint–Lambert–de–Lauzon":  { "lat": 46.583332, "lon": -71.199997 },
	"Saint–Laurent":  { "lat": 45.516666, "lon": -73.666664 },
	"Saint–Lazare":  { "lat": 45.400002, "lon": -74.150002 },
	"Saint–Lazare–de–Bellechasse":  { "lat": 46.650002, "lon": -70.800003 },
	"Saint–Luc":  { "lat": 45.333332, "lon": -73.300003 },
	"Saint–Lucien":  { "lat": 45.849998, "lon": -72.25 },
	"Saint–Marc–des–Carrières":  { "lat": 46.666668, "lon": -72.050003 },
	"Saint–Mathieu–du–Parc":  { "lat": 46.566666, "lon": -72.916664 },
	"Saint–Mathieu–d’Harricana":  { "lat": 48.466667, "lon": -78.133331 },
	"Saint–Maxime–du–Mont–Louis":  { "lat": 49.216667, "lon": -65.716667 },
	"Saint–Michel–des–Saints":  { "lat": 46.666668, "lon": -73.916664 },
	"Saint–Michel–de–Bellechasse":  { "lat": 46.866669, "lon": -70.900002 },
	"Saint–Narcisse":  { "lat": 46.549999, "lon": -72.466667 },
	"Saint–Narcisse–de–Beaurivage":  { "lat": 46.466667, "lon": -71.23333 },
	"Saint–Nicolas":  { "lat": 46.683334, "lon": -71.400002 },
	"Saint–Norbert":  { "lat": 46.166668, "lon": -73.300003 },
	"Saint–Pamphile":  { "lat": 46.950001, "lon": -69.783333 },
	"Saint–Pascal":  { "lat": 47.516666, "lon": -69.800003 },
	"Saint–Patrice–de–Beaurivage":  { "lat": 46.400002, "lon": -71.23333 },
	"Saint–Patrice–de–Sherrington":  { "lat": 45.150002, "lon": -73.51667 },
	"Saint–Paul":  { "lat": 45.983334, "lon": -73.433334 },
	"Saint–Paul–de–l’Île–aux–Noix":  { "lat": 45.116669, "lon": -73.26667 },
	"Saint–Paul–d’Abbotsford":  { "lat": 45.433334, "lon": -72.883331 },
	"Saint–Philippe":  { "lat": 45.349998, "lon": -73.466667 },
	"Saint–Pie":  { "lat": 45.5, "lon": -72.883331 },
	"Saint–Pierre–de–l’Île–d’Orléans":  { "lat": 46.883331, "lon": -71.066666 },
	"Saint–Pierre–les–Becquets":  { "lat": 46.483334, "lon": -72.199997 },
	"Saint–Prime":  { "lat": 48.583332, "lon": -72.333336 },
	"Saint–Prosper":  { "lat": 46.200001, "lon": -70.466667 },
	"Saint–Raymond":  { "lat": 46.883331, "lon": -71.833336 },
	"Saint–Roch–de–l’Achigan":  { "lat": 45.849998, "lon": -73.583336 },
	"Saint–Romuald":  { "lat": 46.75, "lon": -71.23333 },
	"Saint–Rémi":  { "lat": 45.25, "lon": -73.599998 },
	"Saint–Samuel":  { "lat": 46.066666, "lon": -72.199997 },
	"Saint–Sauveur":  { "lat": 45.883331, "lon": -74.150002 },
	"Saint–Siméon":  { "lat": 38.700001, "lon": -0.966667 },
	"Saint–Sylvère":  { "lat": 46.216667, "lon": -72.216667 },
	"Saint–Sébastien":  { "lat": 45.116669, "lon": -73.133331 },
	"Saint–Thomas":  { "lat": 39.366669, "lon": -2.033333 },
	"Saint–Théophile":  { "lat": 45.933334, "lon": -70.48333 },
	"Saint–Timothée":  { "lat": 45.283333, "lon": -74.033333 },
	"Saint–Tite":  { "lat": 46.716667, "lon": -72.550003 },
	"Saint–Ubalde":  { "lat": 46.75, "lon": -72.26667 },
	"Saint–Urbain–Premier":  { "lat": 45.216667, "lon": -73.73333 },
	"Saint–Vallier":  { "lat": 46.883331, "lon": -70.816666 },
	"Saint–Valérien":  { "lat": 48.333332, "lon": -68.650002 },
	"Saint–Victor":  { "lat": 46.133331, "lon": -70.900002 },
	"Saint–Vincent–de–Paul":  { "lat": 45.599998, "lon": -73.650002 },
	"Saint–Wenceslas":  { "lat": 46.150002, "lon": -72.316666 },
	"Saint–Éphrem–de–Beauce":  { "lat": 46.049999, "lon": -70.933334 },
	"Saint–Étienne–des–Grès":  { "lat": 46.433334, "lon": -72.76667 },
	"Saint–Évariste–de–Forsyth":  { "lat": 45.933334, "lon": -70.933334 },
	"Salaberry–de–Valleyfield":  { "lat": 45.25, "lon": -74.116669 },
	"Salluit":  { "lat": 62.200001, "lon": -75.633331 },
	"Sayabec":  { "lat": 48.549999, "lon": -67.683334 },
	"Schefferville":  { "lat": 54.799999, "lon": -66.800003 },
	"Sept–Îles":  { "lat": 50.183334, "lon": -66.383331 },
	"Shannon":  { "lat": 46.883331, "lon": -71.51667 },
	"Shawinigan":  { "lat": 46.549999, "lon": -72.73333 },
	"Sherbrooke":  { "lat": 45.400002, "lon": -71.866669 },
	"Sillery":  { "lat": 46.766666, "lon": -71.25 },
	"Sorel–Tracy":  { "lat": 46.033333, "lon": -73.099998 },
	"St. Leonard":  { "lat": 45.583332, "lon": -73.583336 },
	"Stanbridge Station":  { "lat": 45.116669, "lon": -73.033333 },
	"Stanstead":  { "lat": 45, "lon": -72.083336 },
	"Stratford":  { "lat": 45.766666, "lon": -71.26667 },
	"Sutton":  { "lat": 45.099998, "lon": -72.599998 },
	"Tadoussac":  { "lat": 48.133331, "lon": -69.716667 },
	"Taschereau":  { "lat": 48.650002, "lon": -78.666664 },
	"Tasiujaq":  { "lat": 58.700001, "lon": -69.933334 },
	"Terrebonne":  { "lat": 45.683334, "lon": -73.616669 },
	"Thetford Mines":  { "lat": 46.099998, "lon": -71.300003 },
	"Tingwick":  { "lat": 45.866669, "lon": -71.933334 },
	"Tring–Jonction":  { "lat": 46.266666, "lon": -70.98333 },
	"Trois–Pistoles":  { "lat": 48.116669, "lon": -69.150002 },
	"Trois–Rivières":  { "lat": 46.333332, "lon": -72.533333 },
	"Témiscaming":  { "lat": 46.716667, "lon": -79.099998 },
	"Tête–à–la–Baleine":  { "lat": 50.700001, "lon": -59.316666 },
	"Umiujaq":  { "lat": 56.533333, "lon": -76.550003 },
	"Upton":  { "lat": 45.650002, "lon": -72.683334 },
	"Valcourt":  { "lat": 45.483334, "lon": -72.300003 },
	"Vallée–Jonction":  { "lat": 46.366669, "lon": -70.916664 },
	"Val–d’Or":  { "lat": 48.083332, "lon": -77.783333 },
	"Vanier":  { "lat": 46.816666, "lon": -71.26667 },
	"Varennes":  { "lat": 45.666668, "lon": -73.433334 },
	"Vaudreuil–Dorion":  { "lat": 45.400002, "lon": -74.033333 },
	"Verchères":  { "lat": 45.766666, "lon": -73.349998 },
	"Verdun":  { "lat": 45.450001, "lon": -73.566666 },
	"Victoriaville":  { "lat": 46.049999, "lon": -71.949997 },
	"Villeroy":  { "lat": 46.383331, "lon": -71.866669 },
	"Ville–Marie":  { "lat": 47.316666, "lon": -79.433334 },
	"Vimont":  { "lat": 45.599998, "lon": -73.716667 },
	"Wakefield":  { "lat": 45.616669, "lon": -75.916664 },
	"Warwick":  { "lat": 45.950001, "lon": -71.98333 },
	"Waskaganish":  { "lat": 51.466667, "lon": -78.75 },
	"Waterloo":  { "lat": 45.333332, "lon": -72.5 },
	"Waterville":  { "lat": 45.266666, "lon": -71.883331 },
	"Weedon":  { "lat": 45.683334, "lon": -71.449997 },
	"Wemindji":  { "lat": 53, "lon": -78.800003 },
	"Wendake":  { "lat": 46.849998, "lon": -71.349998 },
	"Westmount":  { "lat": 45.483334, "lon": -73.599998 },
	"Wickham":  { "lat": 45.75, "lon": -72.48333 },
	"Windsor":  { "lat": 45.566666, "lon": -72 },
	"Yamachiche":  { "lat": 43.966667, "lon": -80.966667 },
	"Îles–de–Boucherville National Park":  { "lat": 45.616669, "lon": -73.466667 }
}